<?xml version='1.0' encoding='UTF-8'?>
<!DOCTYPE hibernate-configuration PUBLIC
          "-//Hibernate/Hibernate Configuration DTD 3.0//EN"
          "http://hibernate.sourceforge.net/hibernate-configuration-3.0.dtd">

<!-- Generated by MyEclipse Hibernate Tools.                   -->
<hibernate-configuration>

<session-factory>
	<property name="dialect">
		org.hibernate.dialect.MySQLDialect
	</property>
	<property name="connection.url">
		jdbc:mysql://localhost:3306/fcShopping;
	</property>
	<property name="connection.username">root</property>
	<property name="connection.password">admin</property>
	<property name="connection.driver_class">
		com.mysql.jdbc.Driver
	</property>
	<property name="myeclipse.connection.profile">
		com.mysql.jdbc.Driver
	</property>
	<property name="show_sql">true</property>
	<mapping resource="com/sanqing/po/CommodityClass.hbm.xml" />
	<mapping resource="com/sanqing/po/OrderList.hbm.xml" />
	<mapping resource="com/sanqing/po/Commodity.hbm.xml" />
	<mapping resource="com/sanqing/po/OrderForm.hbm.xml" />
	<mapping resource="com/sanqing/po/Admin.hbm.xml" />
	<mapping resource="com/sanqing/po/User.hbm.xml" />

</session-factory>

</hibernate-configuration>