<?xml version='1.0' encoding='UTF-8'?>
<!DOCTYPE hibernate-configuration PUBLIC
          "-//Hibernate/Hibernate Configuration DTD 3.0//EN"
          "http://hibernate.sourceforge.net/hibernate-configuration-3.0.dtd">
<hibernate-configuration>
    <session-factory>
        <property name="dialect">
        	org.hibernate.dialect.MySQLDialect</property>		<!-- 数据库方言 -->
        <property name="connection.url">
        	jdbc:mysql://localhost:3306/db_examsystem</property><!-- 数据库连接URL -->
        <property name="connection.username">root</property>	<!-- 数据库用户名 -->
        <property name="connection.password">admin</property>	<!-- 数据库用户密码 -->
        <property name="connection.driver_class">				<!-- 数据库驱动类 -->
        	com.mysql.jdbc.Driver</property>
        <mapping resource="com/sanqing/po/Student.hbm.xml"/>
        <mapping resource="com/sanqing/po/Teacher.hbm.xml"/>
        <mapping resource="com/sanqing/po/Subject.hbm.xml"/>	
    </session-factory>
</hibernate-configuration>