<?xml version="1.0" encoding="utf-8"?>
<!DOCTYPE hibernate-mapping PUBLIC "-//Hibernate/Hibernate Mapping DTD 3.0//EN"
"http://hibernate.sourceforge.net/hibernate-mapping-3.0.dtd">
<!-- 
    Mapping file autogenerated by MyEclipse Persistence Tools
-->
<hibernate-mapping>
	<class name="com.sanqing.po.Admin" table="admins" schema="dbo" catalog="fcShopping">
		<id name="adminId" type="java.lang.Integer">
			<column name="adminID" />
			<generator class="native"></generator>
		</id>
		<property name="username" type="java.lang.String">
			<column name="username" length="50" />
		</property>
		<property name="password" type="java.lang.String">
			<column name="password" length="50" />
		</property>
	</class>
</hibernate-mapping>
