<?xml version="1.0" encoding="utf-8"?>
<!DOCTYPE hibernate-mapping PUBLIC "-//Hibernate/Hibernate Mapping DTD 3.0//EN"
"http://hibernate.sourceforge.net/hibernate-mapping-3.0.dtd">
<!-- 
	Mapping file autogenerated by MyEclipse Persistence Tools
-->
<hibernate-mapping>
	<class name="com.sanqing.po.Commodity" table="commodity"
		schema="dbo" catalog="fcShopping" lazy="false">
		<id name="commodityId" type="java.lang.Integer">
			<column name="commodityID" />
			<generator class="native"></generator>
		</id>
		<many-to-one name="commodityClass"
			class="com.sanqing.po.CommodityClass" fetch="select">
			<column name="commodityClass" />
		</many-to-one>
		<property name="commodityName" type="java.lang.String">
			<column name="commodityName" length="50" />
		</property>
		<property name="manufacturer" type="java.lang.String">
			<column name="Manufacturer" length="50" />
		</property>
		<property name="commodityDepict" type="java.lang.String">
			<column name="commodityDepict" length="1073741823" />
		</property>
		<property name="commodityPrice" type="java.lang.Double">
			<column name="commodityPrice" precision="8" />
		</property>
		<property name="fcPrice" type="java.lang.Double">
			<column name="fcPrice" precision="8" />
		</property>
		<property name="commodityAmount" type="java.lang.Integer">
			<column name="commodityAmount" />
		</property>
		<property name="commodityLeaveNum" type="java.lang.Integer">
			<column name="commodityLeaveNum" />
		</property>
		<property name="regTime" type="java.util.Date">
			<column name="RegTime" length="23" />
		</property>
		<property name="image" type="binary">
			<column name="image" />
		</property>
	</class>
</hibernate-mapping>
