<?xml version="1.0" encoding="utf-8"?>
<!DOCTYPE hibernate-mapping PUBLIC "-//Hibernate/Hibernate Mapping DTD 3.0//EN"
"http://hibernate.sourceforge.net/hibernate-mapping-3.0.dtd">
<!-- 
    Mapping file autogenerated by MyEclipse Persistence Tools
-->
<hibernate-mapping>
	<class name="com.sanqing.po.CommodityClass" table="commodityClass"
		schema="dbo" catalog="fcShopping">
		<id name="commodityClassId" type="java.lang.Integer">
			<column name="commodityClassID" />
			<generator class="native"></generator>
		</id>
		<property name="commodityClassName" type="java.lang.String">
			<column name="commodityClassName" length="50" />
		</property>
	</class>
</hibernate-mapping>
