<?xml version="1.0" encoding="utf-8"?>
<!DOCTYPE hibernate-mapping PUBLIC "-//Hibernate/Hibernate Mapping DTD 3.0//EN"
"http://hibernate.sourceforge.net/hibernate-mapping-3.0.dtd">
<!-- 
    Mapping file autogenerated by MyEclipse Persistence Tools
-->
<hibernate-mapping>
	<class name="com.sanqing.po.OrderList" table="orderList"
		schema="dbo" catalog="fcShopping">
		<id name="orderListId" type="java.lang.Integer">
			<column name="orderListID" />
			<generator class="native"></generator>
		</id>
		<many-to-one name="commodity" class="com.sanqing.po.Commodity"
			fetch="select">
			<column name="commodityID" />
		</many-to-one>
		<many-to-one name="orderForm" class="com.sanqing.po.OrderForm"
			fetch="select">
			<column name="orderFormID" />
		</many-to-one>
		<property name="amount" type="java.lang.Integer">
			<column name="amount" />
		</property>
	</class>
</hibernate-mapping>
