<?xml version="1.0" encoding="utf-8"?>
<!DOCTYPE hibernate-mapping PUBLIC "-//Hibernate/Hibernate Mapping DTD 3.0//EN"
"http://hibernate.sourceforge.net/hibernate-mapping-3.0.dtd">
<!-- 
	Mapping file autogenerated by MyEclipse Persistence Tools
-->
<hibernate-mapping>
	<class name="com.sanqing.po.OrderForm" table="orderForm"
		schema="dbo" catalog="fcShopping">
		<id name="orderFormId" type="java.lang.Integer">
			<column name="orderFormID" />
			<generator class="native"></generator>
		</id>
		<many-to-one name="user" class="com.sanqing.po.User"
			fetch="select">
			<column name="userID" not-null="true" />
		</many-to-one>
		<property name="orderFormNo" type="java.lang.String">
			<column name="orderFormNO" length="50" />
		</property>
		<property name="submitTime" type="java.util.Date">
			<column name="submitTime" length="23" />
		</property>
		<property name="consignmentTime" type="java.util.Date">
			<column name="consignmentTime" length="23" />
		</property>
		<property name="totalPrice" type="java.lang.Double">
			<column name="totalPrice" precision="9" />
		</property>
		<property name="remark" type="java.lang.String">
			<column name="remark" length="50" />
		</property>
		<property name="ipaddress" type="java.lang.String">
			<column name="IPAddress" length="50" />
		</property>
		<property name="isPayoff" type="java.lang.Integer">
			<column name="isPayoff" />
		</property>
		<property name="isConsignment" type="java.lang.Integer">
			<column name="isConsignment" />
		</property>
	</class>
</hibernate-mapping>
