<?xml version="1.0" encoding="utf-8"?>
<!DOCTYPE hibernate-mapping PUBLIC "-//Hibernate/Hibernate Mapping DTD 3.0//EN"
"http://hibernate.sourceforge.net/hibernate-mapping-3.0.dtd">
<!-- 
	Mapping file autogenerated by MyEclipse Persistence Tools
-->
<hibernate-mapping>
	<class name="com.sanqing.po.User" table="users" schema="dbo"
		catalog="fcShopping">
		<id name="userId" type="java.lang.Integer">
			<column name="userID" />
			<generator class="native"></generator>
		</id>
		<property name="username" type="java.lang.String">
			<column name="username" length="50" />
		</property>
		<property name="password" type="java.lang.String">
			<column name="password" length="50" />
		</property>
		<property name="name" type="java.lang.String">
			<column name="name" length="50" />
		</property>
		<property name="sex" type="java.lang.Byte">
			<column name="sex" />
		</property>
		<property name="address" type="java.lang.String">
			<column name="address" length="50" />
		</property>
		<property name="phone" type="java.lang.String">
			<column name="phone" length="50" />
		</property>
		<property name="post" type="java.lang.String">
			<column name="post" length="50" />
		</property>
		<property name="email" type="java.lang.String">
			<column name="email" length="50" />
		</property>
		<property name="regTime" type="java.util.Date">
			<column name="regTime" length="23" />
		</property>
		<property name="regIpAddress" type="java.lang.String">
			<column name="regIpAddress" length="50" />
		</property>
	</class>
</hibernate-mapping>
