<?xml version="1.0" encoding="UTF-8"?>
<!DOCTYPE struts-config PUBLIC "-//Apache Software Foundation//DTD Struts Configuration 1.2//EN" "http://struts.apache.org/dtds/struts-config_1_2.dtd">

<struts-config>

  <form-beans>
  	<form-bean name="loginAdminForm" type="org.apache.struts.validator.DynaValidatorForm">
  		<form-property name="name" type="java.lang.String" />
  		<form-property name="password" type="java.lang.String" />
  	</form-bean>
  	
  	<form-bean name="loginexamForm" type="org.apache.struts.validator.DynaValidatorForm">
  		<form-property name="stuname" type="java.lang.String" />
  		<form-property name="stunumber" type="java.lang.String" />
  	</form-bean>
  	
  	<form-bean name="addStudentForm" type="org.apache.struts.validator.DynaValidatorForm">
  		<form-property name="id" type="java.lang.String" />
  		<form-property name="realname" type="java.lang.String" />
  		<form-property name="stuNumber" type="java.lang.String" />
  		<form-property name="className" type="java.lang.String" />
  		<form-property name="address" type="java.lang.String" />
  		<form-property name="phone" type="java.lang.String" />
  		<form-property name="email" type="java.lang.String" />
  		<form-property name="humanId" type="java.lang.String" />
	</form-bean>
	
	<form-bean name="addQuestionForm" type="org.apache.struts.validator.DynaValidatorForm">
		<form-property name="title" type="java.lang.String" />
		<form-property name="examType" type="java.lang.String" />
		<form-property name="score" type="java.lang.String" />
		<form-property name="level" type="java.lang.String" />
		<form-property name="note" type="java.lang.String" />
		<form-property name="choices" type="java.lang.String" />
		<form-property name="standardAnswer" type="java.lang.String" />
	</form-bean>
  
  <form-bean name="addTestForm" type="org.apache.struts.validator.DynaValidatorForm">
  		<form-property name="testName" type="java.lang.String" />
  		<form-property name="testTime" type="java.lang.String" />
  </form-bean>
  
  <form-bean name="studentLoginForm" type="org.apache.struts.validator.DynaValidatorForm">
  	<form-property name="stuNumber" type="java.lang.String" />
  	<form-property name="stuName" type="java.lang.String" />
  </form-bean>
  
  <form-bean name="replyForm" type="org.apache.struts.validator.DynaValidatorForm">
  	<form-property name="id" type="java.lang.String" />
  	<form-property name="options" type="java.lang.String[]" />
  </form-bean>
  </form-beans>
  <global-exceptions>
  	<exception key="examException" type="org.matrix.exception.ExamException"
  	scope="request" path="/WEB-INF/jsp/error.jsp" />
  	<exception key="otherException" 
  	type="java.lang.Exception"
  	scope="request"
  	path="/WEB-INF/jsp/error.jsp" />
  </global-exceptions>
  <global-forwards />
  <action-mappings>
  <action path="/admin" forward="/WEB-INF/jsp/login.jsp" />
  <action path="/addStudent" forward="/WEB-INF/jsp/addStudent.jsp" />
  <action path="/addTest" forward="/WEB-INF/jsp/addTest.jsp" />
  <action path="/login" forward="/WEB-INF/jsp/loginExam.jsp" />
  <action path="/loginExam" forward="/WEB-INF/jsp/loginExam.jsp" />
  
  
  <action path="/adminLogin" name="loginAdminForm"
  	scope="request" validate="false">
  		<forward name="success" path="/WEB-INF/jsp/addStudent.jsp" />
  		<forward name="failure" path="/WEB-INF/jsp/login.jsp" />
  </action>
  
  <action path="/processAddStudent" name="addStudentForm" scope="request" validate="false">
  	<forward name="success" path="/listStudent.do" />
  </action>
  
  <action path="/listStudent" scope="request" validate="false" >
  	<forward name="success" path="/WEB-INF/jsp/listStudent.jsp" />
  </action>
  
  <action path="/delStudent" scope="request" validate="false" >
  	<forward name="success" path="/listStudent.do" />
  </action>
  
  <action path="/processAddTest" name="addTestForm" scope="request" validate="false" >
	<forward name="success" path="/addQuestion.do" />  
  </action>
  
  <action path="/addQuestion" scope="request" validate="false" >
  	<forward name="success" path="/WEB-INF/jsp/addQuestion.jsp" />
  </action>
  
  <action path="/listQuestion" scope="request" validate="false" >
  	<forward name="success" path="/WEB-INF/jsp/listQuestion.jsp" />
  </action>
 
   <action path="/delQuestion" scope="request" validate="false" >
  	<forward name="success" path="/listQuestion.do" />
  </action>
  
   <action path="/processAddQuestion" name="addQuestionForm"  scope="request" validate="false" >
  	<forward name="success" path="/listQuestion.do" />
  </action>
  
   <action path="/processLogin" name="studentLoginForm"  scope="request" validate="false" >
  	<forward name="success" path="/prepare.do" />
  	<forward name="failure" path="/WEB-INF/jsp/loginExam.jsp" />
  </action>
   <action path="/prepare"  scope="request" >
  	<forward name="success" path="/WEB-INF/jsp/prepare.jsp" />
  </action>
  
  <action path="/begin" scope="request" >
  	<forward name="success" path="/WEB-INF/jsp/examMain.jsp" />
  </action>
  
  <action path="/reply" name="replyForm" scope="request" validate="false" >
  	<forward name="success" path="/WEB-INF/jsp/examMain.jsp" />
  	<forward name="finish" path="/finish.do" />
  </action>
  
  <action path="/finish" scope="request">
  	<forward name="success" path="/WEB-INF/jsp/show.jsp" />
  </action>
  
  
  
  
  </action-mappings>
  <controller processorClass="org.springframework.web.struts.DelegatingRequestProcessor" />
  
  
  <message-resources parameter="com.svse.conf.message" />
  
	<plug-in className="org.springframework.web.struts.ContextLoaderPlugIn" >
		<set-property property="contextConfigLocation" value="/WEB-INF/actionContext.xml,/WEB-INF/appContext.xml,/WEB-INF/daoContext.xml" />
	</plug-in>
  
  <plug-in className="org.apache.struts.validator.ValidatorPlugIn">
  	<set-property property="pathnames" value="/WEB-INF/validator-rules.xml,/WEB-INF/validation.xml" />
  	<set-property property="stopOnFirstError" value="true" />
  </plug-in>
  
</struts-config>

