<?xml version="1.0" encoding="UTF-8"?>

<beans xmlns="http://www.springframework.org/schema/beans"
	     xmlns:xsi="http://www.w3.org/2001/XMLSchema-instance"
	     xmlns:aop="http://www.springframework.org/schema/aop"
	     xmlns:tx="http://www.springframework.org/schema/tx"
	     xsi:schemaLocation="http://www.springframework.org/schema/beans http://www.springframework.org/schema/beans/spring-beans-2.0.xsd
           http://www.springframework.org/schema/aop http://www.springframework.org/schema/aop/spring-aop-2.0.xsd
           http://www.springframework.org/schema/tx http://www.springframework.org/schema/tx/spring-tx-2.0.xsd">
	<bean id="commodityClassDAO" class="com.sanqing.dao.impl.CommodityClassDAOImpl">
		<property name="sessionFactory" ref="sessionFactory"/>
	</bean>
	
	<bean id="commodityClassService" class="com.sanqing.service.impl.CommodityClassServiceImpl">
		<property name="commodityClassDAO" ref="commodityClassDAO"/>
	</bean>
	
	<bean id="commodityDAO" class="com.sanqing.dao.impl.CommodityDAOImpl">
		<property name="sessionFactory" ref="sessionFactory"/>
	</bean>
	
	<bean id="commodityService" class="com.sanqing.service.impl.CommodityServiceImpl">
		<property name="commodityDAO" ref="commodityDAO"/>
	</bean>
</beans>
