<?xml version="1.0" encoding="UTF-8"?>

<beans xmlns="http://www.springframework.org/schema/beans"
	     xmlns:xsi="http://www.w3.org/2001/XMLSchema-instance"
	     xmlns:aop="http://www.springframework.org/schema/aop"
	     xmlns:tx="http://www.springframework.org/schema/tx"
	     xsi:schemaLocation="http://www.springframework.org/schema/beans http://www.springframework.org/schema/beans/spring-beans-2.0.xsd
           http://www.springframework.org/schema/aop http://www.springframework.org/schema/aop/spring-aop-2.0.xsd
           http://www.springframework.org/schema/tx http://www.springframework.org/schema/tx/spring-tx-2.0.xsd">
	<!-- 配置sessionFactory -->
	<bean id="sessionFactory" class="org.springframework.orm.hibernate3.LocalSessionFactoryBean">
		<property name="configLocation">
			<value>classpath:hibernate.cfg.xml</value>
		</property>
	</bean>	
	
	<!-- 配置事务管理器 -->	
	<bean id="transactionManager" class="org.springframework.orm.hibernate3.HibernateTransactionManager">
		<property name="sessionFactory">
			<ref local="sessionFactory"/>
		</property>
	</bean>
    
    <!-- 配置事务特性 -->       
    <tx:advice id="txAdvice" transaction-manager="transactionManager">
    	<tx:attributes>
    		<tx:method name="*" propagation="REQUIRED"/>
    	</tx:attributes>
    </tx:advice>
    
    <!-- 配置那些类的方法进行事务管理 -->
    <aop:config>
    	<aop:pointcut id="allManagerMethod" expression="execution (* com.sanqing.dao.*.*(..))"/>
    	<aop:advisor advice-ref="txAdvice" pointcut-ref="allManagerMethod"/>
    </aop:config>    
</beans>
