<?xml version="1.0" encoding="utf-8"?>
<!DOCTYPE hibernate-mapping PUBLIC "-//Hibernate/Hibernate Mapping DTD 3.0//EN"
"http://hibernate.sourceforge.net/hibernate-mapping-3.0.dtd">
<!-- 
    Mapping file autogenerated by MyEclipse Persistence Tools
-->
<hibernate-mapping>
    <class name="com.ibeifeng.po.Commodity" table="commodity" catalog="bfvipshopping">
        <id name="commodityId" type="java.lang.Integer">
            <column name="commodityId" />
            <generator class="identity"></generator>
        </id>
        <property name="commodityName" type="java.lang.String">
            <column name="commodityName" length="30" />
        </property>
        <property name="price" type="java.lang.Double">
            <column name="price" precision="10" />
        </property>
        <property name="agio" type="java.lang.Double">
            <column name="agio" precision="4" scale="3" />
        </property>
    </class>
</hibernate-mapping>
