<?xml version="1.0" encoding="utf-8"?>
<!DOCTYPE hibernate-mapping PUBLIC "-//Hibernate/Hibernate Mapping DTD 3.0//EN"
"http://hibernate.sourceforge.net/hibernate-mapping-3.0.dtd">
<!-- 
    Mapping file autogenerated by MyEclipse Persistence Tools
-->
<hibernate-mapping>
    <class name="com.ibeifeng.po.Consume" table="consume" catalog="bfvipshopping">
        <id name="consumeId" type="java.lang.Integer">
            <column name="consumeId" />
            <generator class="identity"></generator>
        </id>
        <many-to-one name="vip" class="com.ibeifeng.po.Vip" fetch="select" lazy="false">
            <column name="vipId" />
        </many-to-one>
        <many-to-one name="commodity" class="com.ibeifeng.po.Commodity" fetch="select" lazy="false">
            <column name="commodityId" />
        </many-to-one>
        <property name="name" type="java.lang.String">
            <column name="name" length="20" />
        </property>
        <property name="commodityName" type="java.lang.String">
            <column name="commodityName" length="30" />
        </property>
        <property name="price" type="java.lang.Double">
            <column name="price" precision="10" />
        </property>
        <property name="practicePrice" type="java.lang.Double">
            <column name="practicePrice" precision="10" />
        </property>
    </class>
</hibernate-mapping>
