<?xml version="1.0" encoding="utf-8"?>
<!DOCTYPE hibernate-mapping PUBLIC "-//Hibernate/Hibernate Mapping DTD 3.0//EN"
"http://hibernate.sourceforge.net/hibernate-mapping-3.0.dtd">
<!-- 
    Mapping file autogenerated by MyEclipse Persistence Tools
-->
<hibernate-mapping>
    <class name="com.ibeifeng.po.User" table="user" catalog="bfvipshopping">
        <id name="username" type="java.lang.String">
            <column name="username" length="20" />
            <generator class="assigned"></generator>
        </id>
        <property name="password" type="java.lang.String">
            <column name="password" length="20" />
        </property>
        <property name="quanxian" type="java.lang.Integer">
            <column name="quanxian" />
        </property>
    </class>
</hibernate-mapping>
