<?xml version="1.0" encoding="utf-8"?>
<!DOCTYPE hibernate-mapping PUBLIC "-//Hibernate/Hibernate Mapping DTD 3.0//EN"
"http://hibernate.sourceforge.net/hibernate-mapping-3.0.dtd">
<!-- 
    Mapping file autogenerated by MyEclipse Persistence Tools
-->
<hibernate-mapping>
    <class name="com.ibeifeng.po.Vip" table="vip" catalog="bfvipshopping">
        <id name="vipId" type="java.lang.Integer">
            <column name="vipId" />
            <generator class="identity"></generator>
        </id>
        <property name="joinTime" type="java.util.Date">
            <column name="joinTime" length="0" />
        </property>
        <property name="name" type="java.lang.String">
            <column name="name" length="20" />
        </property>
        <property name="age" type="java.lang.Integer">
            <column name="age" />
        </property>
        <property name="profession" type="java.lang.String">
            <column name="profession" length="20" />
        </property>
    </class>
</hibernate-mapping>
