<?xml version="1.0"?>
<!DOCTYPE hibernate-mapping PUBLIC 
"-//Hibernate/Hibernate Mapping DTD 3.0//EN"
"http://hibernate.sourceforge.net/hibernate-mapping-3.0.dtd">
<hibernate-mapping>
	<class name="com.sanqing.po.Article">
		<id name="id">
			<generator class="increment"></generator>
		</id>
		<property name="title"></property>
		<property name="content"></property>
		<property name="username"></property>
		<property name="date"></property>
		<property name="hasread"></property>
	</class>	
</hibernate-mapping>

