<?xml version="1.0" encoding="utf-8"?>
<!DOCTYPE hibernate-mapping PUBLIC "-//Hibernate/Hibernate Mapping DTD 3.0//EN"
"http://hibernate.sourceforge.net/hibernate-mapping-3.0.dtd">

<hibernate-mapping>
	<class name="edu.jlu.fuliang.domain.User" table="USER">
		<id name="id" type="java.lang.Long">
		   <column name="USER_ID"/>
		   <generator class="identity"/>
		</id>
		<property name="userName" type="java.lang.String">
			<column name="USER_NAME" not-null="true"></column>
		</property>
		<property name="password" type="java.lang.String">
			<column name="PASSWORD" not-null="true"/>
		</property>
	</class>
</hibernate-mapping>