<?xml version="1.0" encoding="UTF-8"?>
<beans
	xmlns="http://www.springframework.org/schema/beans"
	xmlns:xsi="http://www.w3.org/2001/XMLSchema-instance"
	xsi:schemaLocation="http://www.springframework.org/schema/beans http://www.springframework.org/schema/beans/spring-beans-2.0.xsd">

	<bean id="dataSource" class="org.springframework.jdbc.datasource.DriverManagerDataSource">
		<property name="driverClassName">
			<value>com.mysql.jdbc.Driver</value>
		</property>
		<property name="url">
			<value>jdbc:mysql://localhost/music</value>
		</property>
		<property name="username">
			<value>root</value>
		</property>
		<property name="password">
			<value>admin</value>
		</property>
	</bean>
	
	<bean id="sessionFactory"
		class="org.springframework.orm.hibernate3.LocalSessionFactoryBean">
		<property name="dataSource">
			<ref bean="dataSource" />
		</property>
		<property name="hibernateProperties">
			<props>
				<prop key="hibernate.dialect">
					org.hibernate.dialect.MySQLDialect
				</prop>
			</props>
		</property>
		<property name="mappingResources">
			<list>
				<value>edu/jlu/fuliang/domain/Song.hbm.xml</value>
				<value>edu/jlu/fuliang/domain/User.hbm.xml</value>
				<value>edu/jlu/fuliang/domain/Singer.hbm.xml</value>
		    </list>
		</property>
	</bean>
</beans>