<?xml version="1.0" encoding="UTF-8"?>
<beans
	xmlns="http://www.springframework.org/schema/beans"
	xmlns:xsi="http://www.w3.org/2001/XMLSchema-instance"
	xsi:schemaLocation="http://www.springframework.org/schema/beans http://www.springframework.org/schema/beans/spring-beans-2.0.xsd">
	
	<bean id="songDAO" class="edu.jlu.fuliang.dao.impl.SongDAOImpl">
	  <property name="sessionFactory">
	  	<ref bean="sessionFactory"/>
	  </property>
	</bean>
	
	<bean id="userDAO" class="edu.jlu.fuliang.dao.impl.UserDAOImpl">
		<property name="sessionFactory">
			<ref bean="sessionFactory"/>
		</property>
	</bean>
	
	<bean id="singerDAO" class="edu.jlu.fuliang.dao.impl.SingerDAOImpl">
	    <property name="sessionFactory">
			<ref bean="sessionFactory"/>
		</property>
	</bean>
</beans>