<?xml version="1.0" encoding="GBK"?>
<!DOCTYPE struts PUBLIC
        "-//Apache Software Foundation//DTD Struts Configuration 2.0//EN"
        "http://struts.apache.org/dtds/struts-2.0.dtd">
<struts>
    <constant name="struts.objectFactory" value="spring"/>
    
	<package name="song" extends="struts-default">
	    <global-results>
	       <result name="error">/error.jsp</result>
	    </global-results>
	    
		<action name="listSong" method="listSong" class="songAction">
			<result name="success">/listSong.jsp</result>
		</action>
		<action name="uploadSong" class="uploadSongAction">
		    <param name="savePath">/upload</param>
			<result name="success" type="redirectAction">
			  listSong
			</result>
			<result name="input">/uploadSong.jsp</result>
		</action>
		
		<action name="playSong" class="playSongAction">
			<result name="success">/playSong.jsp</result>
		</action>
		
		<action name="login" class="loginAction">
		   <result name="success">/uploadSong.jsp</result>
		   <result name="login">/login.jsp</result>
		</action>
		
		<action name="register" class="registerAction">
			<result name="success" type="redirectAction">listSong</result>
			<result name="input">/register.jsp</result>
		</action>
		
		<action name="listSongByRegion" class="listSongByRegionAction">
			<result name="success">/listSongByRegion.jsp</result>
		</action>
		
		<action name="searchSong" class="searchSong">
			<result name="success">/searchSongResult.jsp</result>
		</action>
	</package>
</struts>