<?xml version="1.0" encoding='UTF-8'?>
<!DOCTYPE hibernate-mapping PUBLIC
                            "-//Hibernate/Hibernate Mapping DTD 2.0//EN"
                            "http://hibernate.sourceforge.net/hibernate-mapping-2.0.dtd" >

<!-- DO NOT EDIT: This is a generated file that is synchronized -->
<!-- by MyEclipse Hibernate tool integration.                   -->
<!-- Created Tue Aug 28 18:29:26 CST 2007                         -->
<hibernate-mapping package="com.demo.hibernate.beans">

    <class name="Meeting" table="meeting">
        <id name="id" column="ID" type="java.lang.Integer">
            <generator class="native"/>
        </id>
 
        <property name="sender" column="sender" type="java.lang.String"  not-null="true" />
        <property name="starttime" column="starttime" type="java.lang.String" />
        <property name="endtime" column="endtime" type="java.lang.String" />
        <property name="address" column="address" type="java.lang.String" />
        <property name="title" column="title" type="java.lang.String" />
        <property name="content" column="content" type="java.lang.String" />
    </class>
    
</hibernate-mapping>
