<?xml version="1.0" encoding='UTF-8'?>
<!DOCTYPE hibernate-mapping PUBLIC
                            "-//Hibernate/Hibernate Mapping DTD 2.0//EN"
                            "http://hibernate.sourceforge.net/hibernate-mapping-2.0.dtd" >

<!-- DO NOT EDIT: This is a generated file that is synchronized -->
<!-- by MyEclipse Hibernate tool integration.                   -->
<!-- Created Tue Aug 28 18:29:29 CST 2007                         -->
<hibernate-mapping package="com.demo.hibernate.beans">

    <class name="Sms" table="sms">
        <id name="id" column="ID" type="java.lang.Integer">
            <generator class="native"/>
        </id>
 
        <property name="username" column="username" type="java.lang.String"  not-null="true" />
        <property name="sender" column="sender" type="java.lang.String"  not-null="true" />
        <property name="message" column="message" type="java.lang.String" />
        <property name="sendtime" column="sendtime" type="java.lang.String" />
        <property name="isread" column="isRead" type="java.lang.String" />
    </class>
    
</hibernate-mapping>
