<?xml version="1.0" encoding="utf-8"?>
<!DOCTYPE hibernate-mapping PUBLIC "-//Hibernate/Hibernate Mapping DTD 3.0//EN"
"http://hibernate.sourceforge.net/hibernate-mapping-3.0.dtd">
<!-- 
    Mapping file autogenerated by MyEclipse Persistence Tools
-->
<hibernate-mapping>
    <class name="org.matrix.pojo.Admin" table="admin" catalog="onlinexam">
        <id name="userid" type="java.lang.Integer">
            <column name="adm_id" />
            <generator class="native" />
        </id>
        <property name="username" type="java.lang.String">
            <column name="admName" not-null="true" />
        </property>
        <property name="password" type="java.lang.String">
            <column name="admPass" not-null="true" />
        </property>
    </class>
</hibernate-mapping>
