<?xml version="1.0" encoding="utf-8"?>
<!DOCTYPE hibernate-mapping PUBLIC "-//Hibernate/Hibernate Mapping DTD 3.0//EN"
"http://hibernate.sourceforge.net/hibernate-mapping-3.0.dtd">
<!-- 
    Mapping file autogenerated by MyEclipse Persistence Tools
-->
<hibernate-mapping>
    <class name="org.matrix.pojo.ExamType" table="examtype" catalog="onlinexam">
        <id name="id" type="java.lang.Integer">
            <column name="type_id" />
            <generator class="native" />
        </id>
        <property name="examName" type="java.lang.String">
            <column name="testTitle" not-null="true" />
        </property>
        <property name="examTime" type="java.lang.String">
            <column name="testTime" not-null="true" />
        </property>
        <set name="questions" inverse="true">
            <key>
                <column name="type_id" not-null="true" />
            </key>
            <one-to-many class="org.matrix.pojo.Question" />
        </set>
        
    </class>
</hibernate-mapping>
