<?xml version="1.0" encoding="utf-8"?>
<!DOCTYPE hibernate-mapping PUBLIC "-//Hibernate/Hibernate Mapping DTD 3.0//EN"
"http://hibernate.sourceforge.net/hibernate-mapping-3.0.dtd">
<!-- 
    Mapping file autogenerated by MyEclipse Persistence Tools
-->
<hibernate-mapping>
    <class name="org.matrix.pojo.Question" table="question" catalog="onlinexam">
        <id name="id" type="java.lang.Integer">
            <column name="qu_id" />
            <generator class="native" />
        </id>
        <many-to-one name="examType" class="org.matrix.pojo.ExamType" fetch="select">
            <column name="type_id" not-null="true" />
        </many-to-one>
        <property name="quTitle" type="java.lang.String">
            <column name="quTitle" not-null="true" />
        </property>
        <property name="quHard" type="java.lang.String">
            <column name="quHard" not-null="true" />
        </property>
        <property name="quType" type="java.lang.String">
            <column name="quType" not-null="true" />
        </property>
        <property name="quScore" type="java.lang.Integer">
            <column name="quScore" not-null="true" />
        </property>
        <property name="quAnswer" type="java.lang.String">
            <column name="quAnswer" not-null="true" />
        </property>
        <property name="selectOption" type="java.lang.String">
            <column name="selectOption" not-null="true" />
        </property>
    </class>
</hibernate-mapping>
