<?xml version="1.0" encoding="utf-8"?>
<!DOCTYPE hibernate-mapping PUBLIC "-//Hibernate/Hibernate Mapping DTD 3.0//EN"
"http://hibernate.sourceforge.net/hibernate-mapping-3.0.dtd">
<!-- 
    Mapping file autogenerated by MyEclipse Persistence Tools
-->
<hibernate-mapping>
    <class name="org.matrix.pojo.Student" table="student" catalog="onlinexam">
        <id name="id" type="java.lang.Integer">
            <column name="stu_id" />
            <generator class="native" />
        </id>
        <property name="stuNumber" type="java.lang.String">
            <column name="stuNumber" not-null="true" />
        </property>
        <property name="name" type="java.lang.String">
            <column name="stuName" not-null="true" />
        </property>
        <property name="className" type="java.lang.String">
            <column name="className" not-null="true" />
        </property>
        <property name="email" type="java.lang.String">
            <column name="stuMail" />
        </property>
        <property name="humanId" type="java.lang.String">
            <column name="humanId" not-null="true" />
        </property>
        <property name="address" type="java.lang.String">
            <column name="address" not-null="true" />
        </property>
        <property name="phone" type="java.lang.String">
            <column name="stuPhone" not-null="true" />
        </property>
    </class>
</hibernate-mapping>
