<?xml version='1.0' encoding='GB2312'?>
<!DOCTYPE hibernate-configuration PUBLIC
          "-//Hibernate/Hibernate Configuration DTD 3.0//EN"
          "http://hibernate.sourceforge.net/hibernate-configuration-3.0.dtd">

<!-- Generated by MyEclipse Hibernate Tools.                   -->
<hibernate-configuration>

<session-factory>
	<property name="connection.username">root</property>
	<property name="connection.url">
		jdbc:mysql://localhost:3306/db_storage
	</property>
	<property name="dialect">
		org.hibernate.dialect.MySQLDialect
	</property>
	<property name="hibernate.hbm2ddl.auto">update</property>
	<property name="myeclipse.connection.profile">
		com.mysql.jdbc.Driver
	</property>
	<property name="connection.password">admin</property>
	<property name="connection.driver_class">
		com.mysql.jdbc.Driver
	</property>
	<property name="show_sql">true</property>
	<mapping resource="HibernateDao/Actionmaster.hbm.xml" />
	<mapping resource="HibernateDao/Inventorytag.hbm.xml" />
	<mapping resource="HibernateDao/Shipaddr.hbm.xml" />
	<mapping resource="HibernateDao/IusseBill.hbm.xml" />
	<mapping resource="HibernateDao/Employeerole.hbm.xml" />
	<mapping resource="HibernateDao/Location.hbm.xml" />
	<mapping resource="HibernateDao/Vendermaster.hbm.xml" />
	<mapping resource="HibernateDao/Warehouse.hbm.xml" />
	<mapping resource="HibernateDao/Currencyrate.hbm.xml" />
	<mapping resource="HibernateDao/Currency.hbm.xml" />
	<mapping resource="HibernateDao/Stockreason.hbm.xml" />
	<mapping resource="HibernateDao/WarehouseItem.hbm.xml" />
	<mapping resource="HibernateDao/Ummaster.hbm.xml" />
	<mapping resource="HibernateDao/Classcode.hbm.xml" />
	<mapping resource="HibernateDao/Eceipt.hbm.xml" />
	<mapping resource="HibernateDao/Employee.hbm.xml" />
	<mapping resource="HibernateDao/EceiptBill.hbm.xml" />
	<mapping resource="HibernateDao/Itemlocation.hbm.xml" />
	<mapping resource="HibernateDao/Itemgeneral.hbm.xml" />
	<mapping resource="HibernateDao/Roleaction.hbm.xml" />
	<mapping resource="HibernateDao/Physicsdata.hbm.xml" />
	<mapping resource="HibernateDao/Iusse.hbm.xml" />
	<mapping resource="HibernateDao/Rolemaster.hbm.xml" />
	<mapping resource="HibernateDao/Shipvin.hbm.xml" />
	<mapping resource="HibernateDao/Vendtype.hbm.xml" />
</session-factory>

</hibernate-configuration>