<?xml version="1.0"?>
<!DOCTYPE hibernate-mapping PUBLIC 
	"-//Hibernate/Hibernate Mapping DTD 3.0//EN"
	"http://hibernate.sourceforge.net/hibernate-mapping-3.0.dtd">
<hibernate-mapping package="com.sanqing.course.model">
	
	<class name="User" table="User" lazy="false">
		
		<id name="id">
			<generator class="foreign">
				<param name="property">teacher</param>
			</generator>			
		</id>
		
		<one-to-one name="teacher" class="Teacher" fetch="join" cascade="all" />
		
		<property name="name" not-null="false"/>
		<property name="password" not-null="false"/>

	</class>
</hibernate-mapping>