<?xml version="1.0" encoding="utf-8"?>
<!DOCTYPE hibernate-mapping PUBLIC "-//Hibernate/Hibernate Mapping DTD 3.0//EN"
"http://hibernate.sourceforge.net/hibernate-mapping-3.0.dtd">
<!-- 
    Mapping file autogenerated by MyEclipse Persistence Tools
-->
<hibernate-mapping>
    <class name="HibernateDao.Actionmaster" table="actionmaster" catalog="db_storage">
        <id name="actionId" type="java.lang.String">
            <column name="action_id" length="20" />
            <generator class="assigned" />
        </id>
        <property name="actionDesc" type="java.lang.String">
            <column name="action_desc" length="45" not-null="true" />
        </property>
        <property name="actionGroup" type="java.lang.String">
            <column name="action_group" length="45" />
        </property>
        <set name="roleactions" inverse="true">
            <key>
                <column name="actionid" length="20" not-null="true" />
            </key>
            <one-to-many class="HibernateDao.Roleaction" />
        </set>
    </class>
</hibernate-mapping>
