<?xml version="1.0" encoding="utf-8"?>
<!DOCTYPE hibernate-mapping PUBLIC "-//Hibernate/Hibernate Mapping DTD 3.0//EN"
"http://hibernate.sourceforge.net/hibernate-mapping-3.0.dtd">
<!-- 
    Mapping file autogenerated by MyEclipse Persistence Tools
-->
<hibernate-mapping>
    <class name="HibernateDao.Currencyrate" table="currencyrate" catalog="db_storage">
        <composite-id name="id" class="HibernateDao.CurrencyrateId">
            <key-many-to-one name="currency" class="HibernateDao.Currency">
                <column name="cur_id" length="10" />
            </key-many-to-one>
            <key-many-to-one name="currency_1" class="HibernateDao.Currency">
                <column name="cur_id1" length="45" />
            </key-many-to-one>
            <key-property name="mouth1" type="java.lang.Short">
                <column name="Mouth1" />
            </key-property>
            <key-property name="curRate" type="java.lang.Double">
                <column name="Cur_rate" precision="18" scale="6" />
            </key-property>
        </composite-id>
        <many-to-one name="currencyByCurId" class="HibernateDao.Currency" update="false" insert="false" fetch="select">
            <column name="cur_id" length="10" not-null="true" />
        </many-to-one>
        <many-to-one name="currencyByCurId1" class="HibernateDao.Currency" update="false" insert="false" fetch="select">
            <column name="cur_id1" length="45" not-null="true" />
        </many-to-one>
    </class>
</hibernate-mapping>
