<?xml version="1.0" encoding="utf-8"?>
<!DOCTYPE hibernate-mapping PUBLIC "-//Hibernate/Hibernate Mapping DTD 3.0//EN"
"http://hibernate.sourceforge.net/hibernate-mapping-3.0.dtd">
<!-- 
    Mapping file autogenerated by MyEclipse Persistence Tools
-->
<hibernate-mapping>
    <class name="HibernateDao.Currency" table="currency" catalog="db_storage">
        <id name="curId" type="java.lang.String">
            <column name="cur_id" length="10" />
            <generator class="assigned" />
        </id>
        <property name="curDesc" type="java.lang.String">
            <column name="cur_desc" length="45" />
        </property>
        <set name="currencyratesForCurId" inverse="true">
            <key>
                <column name="cur_id" length="10" not-null="true" />
            </key>
            <one-to-many class="HibernateDao.Currencyrate" />
        </set>
        <set name="currencyratesForCurId1" inverse="true">
            <key>
                <column name="cur_id1" length="45" not-null="true" />
            </key>
            <one-to-many class="HibernateDao.Currencyrate" />
        </set>
    </class>
</hibernate-mapping>
