<?xml version="1.0" encoding="utf-8"?>
<!DOCTYPE hibernate-mapping PUBLIC "-//Hibernate/Hibernate Mapping DTD 3.0//EN"
"http://hibernate.sourceforge.net/hibernate-mapping-3.0.dtd">
<!-- 
    Mapping file autogenerated by MyEclipse Persistence Tools
-->
<hibernate-mapping>
    <class name="HibernateDao.Employeerole" table="employeerole" catalog="db_storage">
        <id name="employeeRoleId" type="java.lang.Integer">
            <column name="employeeRole_id" />
            <generator class="assigned" />
        </id>
        <many-to-one name="employee" class="HibernateDao.Employee" fetch="select">
            <column name="employee_id" length="10" not-null="true" />
        </many-to-one>
        <many-to-one name="rolemaster" class="HibernateDao.Rolemaster" fetch="select">
            <column name="role_id" length="10" not-null="true" />
        </many-to-one>
    </class>
</hibernate-mapping>
