<?xml version="1.0" encoding="utf-8"?>
<!DOCTYPE hibernate-mapping PUBLIC "-//Hibernate/Hibernate Mapping DTD 3.0//EN"
"http://hibernate.sourceforge.net/hibernate-mapping-3.0.dtd">
<!-- 
    Mapping file autogenerated by MyEclipse Persistence Tools
-->
<hibernate-mapping>
    <class name="HibernateDao.Inventorytag" table="inventorytag" catalog="db_storage">
        <id name="lable" type="java.lang.Integer">
            <column name="Lable" />
            <generator class="assigned" />
        </id>
        <many-to-one name="warehouse" class="HibernateDao.Warehouse" fetch="select">
            <column name="Warehouse" length="10" not-null="true" />
        </many-to-one>
        <many-to-one name="employee" class="HibernateDao.Employee" fetch="select">
            <column name="Audi_man" length="10" />
        </many-to-one>
        <many-to-one name="location" class="HibernateDao.Location" fetch="select">
            <column name="Fr_loca" length="10" not-null="true" />
        </many-to-one>
        <many-to-one name="itemgeneral" class="HibernateDao.Itemgeneral" fetch="select">
            <column name="Fr_Item" length="10" not-null="true" />
        </many-to-one>
        <property name="incZero" type="java.lang.String">
            <column name="Inc_zero" length="1" not-null="true" />
        </property>
        <property name="incNega" type="java.lang.String">
            <column name="Inc_nega" length="1" not-null="true" />
        </property>
    </class>
</hibernate-mapping>
