<?xml version="1.0" encoding="utf-8"?>
<!DOCTYPE hibernate-mapping PUBLIC "-//Hibernate/Hibernate Mapping DTD 3.0//EN"
"http://hibernate.sourceforge.net/hibernate-mapping-3.0.dtd">
<!-- 
    Mapping file autogenerated by MyEclipse Persistence Tools
-->
<hibernate-mapping>
    <class name="HibernateDao.Itemlocation" table="itemlocation" catalog="db_storage">
        <composite-id name="id" class="HibernateDao.ItemlocationId">
            <key-many-to-one name="warehouse" class="HibernateDao.Warehouse">
                <column name="Ware_id" length="10" />
            </key-many-to-one>
            <key-property name="itemId" type="java.lang.String">
                <column name="Item_id" length="10" />
            </key-property>
            <key-many-to-one name="location" class="HibernateDao.Location">
                <column name="Loca_id" length="10" />
            </key-many-to-one>
            <key-property name="rank" type="java.lang.Integer">
                <column name="Rank" />
            </key-property>
            <key-property name="locaQty" type="java.lang.Double">
                <column name="Loca_qty" precision="18" scale="6" />
            </key-property>
        </composite-id>
        <many-to-one name="location" class="HibernateDao.Location" update="false" insert="false" fetch="select">
            <column name="Loca_id" length="10" not-null="true" />
        </many-to-one>
        <many-to-one name="warehouse" class="HibernateDao.Warehouse" update="false" insert="false" fetch="select">
            <column name="Ware_id" length="10" not-null="true" />
        </many-to-one>
    </class>
</hibernate-mapping>
